{
  "train_loss": [
    0.37733780213039525,
    0.3361411775611396,
    0.3357002313375998,
    0.33464789071097073,
    0.33891412751440086,
    0.3371022988696105,
    0.33462239113717,
    0.3321582185057992,
    0.3356127712257458,
    0.3332765045713923,
    0.28556584628099213,
    0.2543375879832476,
    0.2383894682827675,
    0.22650428504714532,
    0.21771730467261372,
    0.20969088529831512,
    0.2021011286107454,
    0.19399607417320014,
    0.1863348361175841,
    0.18103791540283465
  ],
  "train_acc": [
    48.30010107507121,
    53.3860148856014,
    53.43195809978866,
    53.38142056418267,
    53.073601029128,
    53.36304327850777,
    53.53762749241937,
    53.95111642010475,
    53.49627859965083,
    53.74437195626206,
    57.11200955618855,
    60.732334834145,
    62.44142240191124,
    64.04943489846549,
    65.20260957456584,
    66.34659560782872,
    66.86575392814481,
    68.4278232105118,
    68.82293485252228,
    69.78774235045483
  ],
  "val_loss": [
    0.31520291101442627,
    0.2978059855123905,
    0.29317522926689826,
    0.2848726706962063,
    0.274723096151058,
    0.2933797066750592,
    0.30434446036815643,
    0.2740142535265178,
    0.27451794033181176,
    0.31224828417578787,
    0.25658469606344014,
    0.2362962773911757,
    0.22914497385898683,
    0.22388523709896493,
    0.21835708694711123,
    0.21105071943100184,
    0.20748347518582866,
    0.20708845152634464,
    0.20853427282139048,
    0.20771741173038744
  ],
  "val_acc": [
    55.133976420150056,
    55.19828510182208,
    56.67738478027867,
    57.21329046087889,
    59.01393354769561,
    56.763129689174704,
    55.77706323687031,
    59.142550911039656,
    58.435155412647376,
    56.956055734190784,
    60.12861736334405,
    62.82958199356913,
    63.751339764201504,
    64.0085744908896,
    64.15862808145766,
    65.57341907824222,
    65.35905680600214,
    66.19506966773848,
    65.91639871382637,
    65.48767416934619
  ]
}