{
  "test_acc": 67.09539121114683,
  "macro_f1": 0.6713665795584911,
  "weighted_f1": 0.6713626895200089,
  "mcc": 0.6247486803305052,
  "per_class_f1": [
    0.7751937984496124,
    0.6380655226209049,
    0.8250883392226148,
    0.626421697287839,
    0.6692381870781099,
    0.53584229390681,
    0.6532195500387897,
    0.6478632478632479
  ]
}